Timestamp,Nama,Email,No Telepon / WhatsApp,Jenis Kelamin,Berapa lama pengalaman menggunakan Go Send di Surabaya?,Seberapa sering Anda menggunakan Go Send di Surabaya dalam sebulan?,CI_1,CI_2,CI_3,TRUST_1,TRUST_2,TRUST_3,TRUST_4,SAT_1,SAT_2,SAT_3,SAT_4,PU_1,PU_2,PU_3,PU_4,CON_1,CON_2,CON_3,ADAP_1,ADAP_2,ADAP_3
4/6/2023 12:46:56,Calvin,Calvinadi1230@gmail.com,081259553866,Laki-laki,Lebih dari 24 bulan,Lebih dari 13 kali,5,5,5,5,4,4,4,5,5,4,5,5,4,5,4,5,4,4,1,4,4
4/6/2023 12:51:31,Kirsten audrye angelina chua,Kirsten.audrey232002@gmail.com,082244667329,Perempuan,Lebih dari 24 bulan,7 - 12 kali,5,5,5,5,5,5,5,5,5,5,5,5,5,5,5,5,5,5,1,5,5
4/6/2023 13:13:55,claudio,diojauwenasusilo@gmail.com,08t231751177,Laki-laki,Lebih dari 24 bulan,Kurang dari 3 kali,5,5,5,5,5,5,5,5,5,5,5,5,5,5,5,5,5,5,1,5,5
4/6/2023 13:21:17,hong rendy,hongrendy04@gmai.com,081217993652,Laki-laki,Kurang dari 6 bulan,Kurang dari 3 kali,5,5,5,5,5,5,5,5,5,5,5,5,5,5,5,5,5,5,1,5,5
4/6/2023 13:26:55,Desiderius Stefan H.A,dstefan478@gmail.com,081284902935,Laki-laki,Lebih dari 24 bulan,Kurang dari 3 kali,5,5,5,5,5,5,5,5,5,5,5,5,5,5,5,5,5,5,1,5,5
4/6/2023 13:59:39,Roy,royjw6818@gmail.com,081233947389,Laki-laki,Kurang dari 6 bulan,3 - 6 kali,5,5,5,5,5,5,5,5,5,5,5,5,5,5,5,5,5,5,1,5,5
4/6/2023 14:27:12,Frans brayen,Brayen_frans@yahoo.com,089777643424,Laki-laki,Lebih dari 24 bulan,3 - 6 kali,5,5,5,5,5,5,5,5,5,5,5,5,5,5,5,5,5,5,1,5,5
4/6/2023 14:55:26,Hindarko Gondo Widjaja ,hindarkogondowidjaja@gmail.com,081331671874,Laki-laki,6 - 12 bulan,Kurang dari 3 kali,5,5,5,4,4,4,4,5,5,5,5,5,5,5,5,5,5,5,1,5,5
4/6/2023 15:01:19,Vegga,Veggaverwdo@gmail.com,085955117957,Laki-laki,Lebih dari 24 bulan,3 - 6 kali,4,4,4,4,4,4,4,5,5,5,5,5,5,5,5,5,5,5,1,4,5
4/6/2023 19:13:14,Chelin,Apriliamarchelinaa08@gmail.com,085210318311,Perempuan,Lebih dari 24 bulan,Kurang dari 3 kali,4,4,4,4,5,5,5,5,5,4,5,3,4,4,5,5,5,4,1,4,4
4/6/2023 21:37:58,Marco,allaric.marco@gmail.com,081245188616,Laki-laki,6 - 12 bulan,3 - 6 kali,4,2,2,1,4,1,3,3,5,2,3,4,3,5,3,1,4,5,1,5,4
4/6/2023 22:38:59,elsaa,elsagunawan01@gmail.com,085336075300,Perempuan,6 - 12 bulan,Kurang dari 3 kali,4,4,4,4,4,4,4,4,4,4,4,4,4,4,4,4,4,4,1,4,5
4/5/2023 15:08:45,Terrence Pramono,g.terrencep101@gmail.com,6282226972673,Laki-laki,6 - 12 bulan,Kurang dari 3 kali,4,4,2,4,5,3,4,4,4,4,3,5,4,5,5,2,3,3,2,4,4
4/6/2023 11:55:06,Nf,Nicolasfernaldi34@gmail.com,087853507542,Laki-laki,Kurang dari 6 bulan,Kurang dari 3 kali,4,5,5,5,5,5,4,4,5,5,4,4,4,5,5,5,5,4,2,4,4
4/6/2023 12:06:17,jeremy,jeremyhioe@gmail.com,082244776994,Laki-laki,6 - 12 bulan,3 - 6 kali,4,4,4,4,4,4,4,3,5,4,3,3,4,4,3,4,3,4,2,3,4
4/6/2023 12:07:02,Bryan Christian,bryanchristian2@gmail.com,085645339388,Laki-laki,Lebih dari 24 bulan,7 - 12 kali,4,4,4,4,4,4,4,4,4,4,4,4,4,4,4,4,5,4,2,4,5
4/6/2023 12:37:24,Felix,felixjoewono@gmail.com,081230196292,Laki-laki,Lebih dari 24 bulan,Kurang dari 3 kali,4,4,5,4,4,4,5,5,5,4,4,5,5,5,4,3,4,4,2,3,4
4/6/2023 13:10:11,Meli,mirawan02@student.ciputra.ac.id,081230677625,Perempuan,Lebih dari 24 bulan,Kurang dari 3 kali,5,5,4,4,4,4,4,4,4,4,4,4,4,5,4,3,4,4,2,4,4
4/6/2023 13:25:47,Steven andreas ,Stevenandreas68@gmail.com,082132130334,Laki-laki,Lebih dari 24 bulan,Lebih dari 13 kali,3,2,2,3,3,3,3,3,3,3,3,2,4,3,3,3,2,4,2,4,3
4/6/2023 13:25:49,Steven andreas ,Stevenandreas68@gmail.com,082132130334,Laki-laki,Lebih dari 24 bulan,Lebih dari 13 kali,3,2,2,3,3,3,3,3,3,3,3,2,4,3,3,3,2,4,2,4,3
4/6/2023 13:27:38,Falito Efrem Fausto,Fefremfausto@student.ciputra.ac.id,081252854777,Laki-laki,Lebih dari 24 bulan,Kurang dari 3 kali,4,4,4,4,4,4,5,5,5,5,5,5,5,4,5,4,4,4,2,4,5
4/6/2023 14:46:03,Robert Suwignyo,robertsuwignyo@gmail.com,081232143388,Laki-laki,Lebih dari 24 bulan,Kurang dari 3 kali,4,4,4,5,4,4,5,4,5,4,5,4,4,5,5,4,4,4,2,4,4
4/6/2023 16:08:22,Christopher Kevin Susandji,mr.christopherkevin@gmail.com,0895631102777,Laki-laki,6 - 12 bulan,3 - 6 kali,3,3,2,5,4,5,5,5,5,5,5,4,5,5,5,4,5,5,2,5,5
4/6/2023 19:43:55,Marchello Hans,Msumargo@student.ciputra.ac.id,082225556088,Laki-laki,Kurang dari 6 bulan,Kurang dari 3 kali,4,5,5,5,5,5,5,4,4,4,4,4,5,5,4,4,5,5,2,5,5
4/7/2023 15:26:14,Thomas Gidion,tgidion01@student.ciputra.ac.id,082232507225,Laki-laki,Kurang dari 6 bulan,Kurang dari 3 kali,4,4,4,4,4,4,4,4,4,4,4,4,4,4,4,4,4,4,2,4,4
4/4/2023 10:55:04,Denisa,Denisaflorence2@gmail.com,085692414563,Perempuan,Kurang dari 6 bulan,Kurang dari 3 kali,5,5,5,5,4,5,5,5,5,5,5,5,5,5,5,5,5,5,3,5,5
4/6/2023 12:27:33,Erikson,igedemade@student.ciputra.ac.id,081338333344,Laki-laki,Kurang dari 6 bulan,Kurang dari 3 kali,4,3,3,4,4,4,3,3,3,3,4,3,3,3,4,4,4,3,3,3,4
4/6/2023 13:14:17,Arnold Sidiprasetija,arnold.prasetija18@gmail.com,085731020346,Laki-laki,Kurang dari 6 bulan,Kurang dari 3 kali,3,3,4,4,5,3,4,4,4,4,4,4,4,4,4,5,5,4,3,3,4
4/6/2023 13:16:00,Victor M,victmarc16@gmail.com,082245736206,Laki-laki,6 - 12 bulan,3 - 6 kali,4,4,5,3,4,3,5,3,4,4,4,4,5,4,4,5,4,4,3,3,4
4/6/2023 13:28:47,Celina,Celinagunawan14@gmail.com,082151151519,Perempuan,Kurang dari 6 bulan,Kurang dari 3 kali,4,3,3,4,4,4,4,3,4,3,4,4,3,4,3,3,3,3,3,3,3
4/6/2023 13:29:01,Richard William ,richardwilliamtan@gmail.com,081288860896,Laki-laki,6 - 12 bulan,Kurang dari 3 kali,3,3,3,3,3,3,3,3,3,3,3,3,3,3,3,3,3,3,3,3,3
4/6/2023 13:52:57,Yusak Tan ,yusak.tan01@gmail.com,081335679867,Laki-laki,Kurang dari 6 bulan,Kurang dari 3 kali,2,3,2,4,4,4,4,4,3,3,4,4,4,4,4,4,4,3,3,3,3
4/6/2023 14:26:23,Daniel,daniel@gmail.com,085199117770,Laki-laki,Kurang dari 6 bulan,Kurang dari 3 kali,1,3,3,3,3,3,3,3,3,3,3,3,3,3,3,3,3,3,3,3,3
4/6/2023 15:01:34,I Putu Yogi Wedana,pyogiwedana@student.ciputra.ac.id,081353286759,Laki-laki,6 - 12 bulan,Kurang dari 3 kali,3,3,3,5,5,4,4,3,4,2,3,3,3,4,3,3,4,3,3,3,4
4/6/2023 15:52:14,stephy,stephanie.margaretha02@gmail.com,085959673988,Perempuan,Lebih dari 24 bulan,Kurang dari 3 kali,3,3,3,5,5,5,5,5,5,5,5,5,5,5,5,5,5,5,3,5,5
4/6/2023 16:02:21,Angel,Mulyonoangel@gmail.com,08563261801,Perempuan,6 - 12 bulan,Kurang dari 3 kali,4,4,4,4,3,3,4,4,4,4,4,4,4,4,4,4,4,4,3,4,4
4/6/2023 16:35:29,Naufal Aziz Imaduddin,naufalaziz78@gmail.com,+628113340369,Laki-laki,Kurang dari 6 bulan,Kurang dari 3 kali,3,3,3,4,5,5,4,3,3,3,3,3,3,5,3,3,3,3,3,5,3
4/6/2023 16:41:04,ketty,catalia01@student.ciputra.ac.id,083831615696,Perempuan,Lebih dari 24 bulan,Kurang dari 3 kali,4,4,4,3,2,3,3,3,4,3,3,3,3,3,4,3,2,3,3,3,4
4/6/2023 17:29:23,michelle,mgondokusumo@student.ciputra.ac.id ,082140092425,Perempuan,12 - 24 bulan,3 - 6 kali,4,4,4,4,4,4,4,3,4,4,4,4,3,4,4,3,3,3,3,3,4
4/6/2023 18:15:36,Timotius,timotius.tjahjadi@gmail.com,081354563858,Laki-laki,12 - 24 bulan,3 - 6 kali,4,2,4,4,4,5,4,4,4,5,5,5,3,4,5,3,4,4,3,4,4
4/6/2023 18:56:56,Jennifer,Leonjeanny13@gmail.com,081234655004,Perempuan,Kurang dari 6 bulan,Kurang dari 3 kali,4,5,3,4,4,3,4,4,4,4,4,4,3,5,3,4,4,3,3,4,4
4/6/2023 21:34:12,Bryan Steven,Hhazted@gmail.com,089530112080,Laki-laki,Kurang dari 6 bulan,Kurang dari 3 kali,4,4,3,3,4,4,4,4,4,3,4,4,3,5,4,4,4,4,3,4,4
4/6/2023 21:46:11,Devina,Devinakhotania@gmail.com,089502280103,Perempuan,Lebih dari 24 bulan,3 - 6 kali,5,5,5,4,4,3,5,5,5,5,5,5,5,5,5,5,4,4,3,4,5
4/6/2023 22:23:34,Fidelis Herda Pratama,herdapratama12@gmail.com,81230896272,Laki-laki,6 - 12 bulan,3 - 6 kali,4,4,4,4,4,3,3,3,5,4,4,4,3,4,4,3,4,4,3,3,3
4/7/2023 10:57:55,Jaya pranata,Jaya.pranata@ciputra.ac.id,08175184597,Laki-laki,Kurang dari 6 bulan,Kurang dari 3 kali,1,5,1,3,3,3,3,2,3,3,3,4,3,3,3,3,3,3,3,3,3
4/7/2023 15:29:41,Mario,Marioandreas@yahoo.com,0895333025195,Laki-laki,Lebih dari 24 bulan,3 - 6 kali,3,2,4,3,3,3,3,3,2,3,3,3,3,4,5,3,3,4,3,4,4
4/7/2023 21:46:58,Nico Prasetyo,nprasetyo@student.ciputra.ac.id,082252855386,Laki-laki,Kurang dari 6 bulan,Kurang dari 3 kali,3,2,3,3,3,3,2,3,4,5,4,4,4,5,3,3,4,4,3,3,2
4/4/2023 10:47:20,I Wayan Bayu Adnyana,iwayanbayu@student.ciputra.ac.id,081529378235,Laki-laki,6 - 12 bulan,3 - 6 kali,4,3,4,4,5,4,4,4,4,5,4,3,4,4,5,4,3,4,2,4,4
4/4/2023 10:54:53,Aldi Mahotma,iputualdi@student.ciputra.ac.id,085156410632,Laki-laki,Kurang dari 6 bulan,3 - 6 kali,5,5,5,4,5,4,4,5,5,5,5,5,5,5,5,5,5,5,2,3,5
4/4/2023 10:54:57,Alex Sander Lim,asanderlim@student.ciputra.ac.id,085343932626,Laki-laki,Kurang dari 6 bulan,Kurang dari 3 kali,2,1,2,4,4,5,5,3,4,4,4,5,4,5,4,3,4,4,2,4,5
4/4/2023 11:04:47,ikhwan kusuma,ikhwan.kamara@gmail.com,08113511077,Laki-laki,6 - 12 bulan,Kurang dari 3 kali,4,3,4,5,3,4,4,4,4,4,4,4,4,4,4,4,4,4,2,4,4
4/4/2023 11:45:29,Riska,rsaswono@student.ciputra.ac.id,08989999923,Perempuan,Kurang dari 6 bulan,Kurang dari 3 kali,5,4,4,4,5,4,5,5,4,4,5,4,4,5,5,4,5,5,2,5,5
4/5/2023 16:58:10,William,william03@student.ciputra.ac.id,082140402468,Laki-laki,Kurang dari 6 bulan,3 - 6 kali,5,4,4,4,4,4,4,4,4,4,4,4,4,4,4,4,4,4,2,4,4
4/5/2023 17:25:02,Sri Wahyuni,sriwahyuni74@gmail.com,082386789532,Perempuan,Kurang dari 6 bulan,3 - 6 kali,5,5,5,4,3,4,4,5,5,4,5,4,5,4,4,4,4,4,2,4,4
4/6/2023 12:15:03,Janice ,hellojanicek@gmail.com,081333353347,Perempuan,Lebih dari 24 bulan,3 - 6 kali,3,3,5,4,3,4,4,3,4,4,5,2,3,4,3,3,4,5,2,4,5
4/6/2023 12:23:48,Baghiz Zuhdi Adzin,bzuhdiadzin@student.ciputra.ac.id,082233531771,Laki-laki,Kurang dari 6 bulan,Kurang dari 3 kali,4,5,4,4,4,4,4,4,5,5,5,4,5,5,5,5,4,5,2,4,5
4/6/2023 12:32:21,Nathalia Minoque,nminoque@student.ciputra.ac.id,081235240386,Perempuan,12 - 24 bulan,Kurang dari 3 kali,3,2,3,5,5,5,4,4,5,5,5,3,4,5,4,5,5,4,2,2,5
4/6/2023 12:42:21,Valentino Kristofer Candra ,vqlentinoroti35@gmail.com,087750321591,Laki-laki,Lebih dari 24 bulan,Kurang dari 3 kali,4,4,5,5,5,4,4,4,4,4,5,4,4,4,5,4,5,4,2,4,4
4/6/2023 12:43:09,Kezia Y,Kzyc26@yahoo.com,0872009365626,Perempuan,Kurang dari 6 bulan,Kurang dari 3 kali,2,3,2,4,5,3,5,4,5,5,5,5,3,4,4,2,4,4,2,3,3
4/6/2023 12:47:09,Reiner Anggriawan Jasin,Reinerjasin@gmail.com,082282282000,Laki-laki,Kurang dari 6 bulan,Kurang dari 3 kali,4,2,2,4,4,3,4,3,4,4,4,4,2,5,4,3,3,4,2,1,1
4/6/2023 13:01:07,Venezia santoso,Veneziaasantoso1@gmail.com,085161009828,Perempuan,Lebih dari 24 bulan,3 - 6 kali,4,5,4,4,5,5,5,4,4,4,5,5,5,5,5,4,4,5,2,5,5
4/6/2023 13:10:34,Ammar,sungkar02@gmail.com,085727796543,Laki-laki,Kurang dari 6 bulan,Kurang dari 3 kali,4,4,4,4,4,4,4,3,4,4,4,4,4,5,4,4,4,4,2,3,4
4/6/2023 13:11:47,Daral,daraldrlh@gmail.com,081348178874,Laki-laki,Kurang dari 6 bulan,Kurang dari 3 kali,4,4,3,4,5,4,4,4,4,3,4,4,4,4,4,4,4,4,2,3,4
4/6/2023 13:14:49,Valentina Berly,valentinaberly1802@gmail.com,0895605856993,Perempuan,6 - 12 bulan,Kurang dari 3 kali,5,4,4,3,4,4,4,4,4,4,4,3,4,5,4,4,3,4,2,4,4
4/6/2023 13:15:31,Fanny,Fannylaurensia1306@gmail.com,087756976060,Perempuan,Lebih dari 24 bulan,3 - 6 kali,4,4,4,5,5,4,5,4,4,4,4,5,5,5,5,4,4,4,2,3,5
4/6/2023 13:27:04,shinthia,shinthia.anggreini@gmail.com,082237421024,Perempuan,Lebih dari 24 bulan,3 - 6 kali,5,5,5,4,5,4,5,5,5,5,5,5,5,5,4,3,4,4,2,5,5
4/6/2023 13:28:27,David Christian Kartamihardja,dckchrist123@gmail.com,08113433655,Laki-laki,6 - 12 bulan,7 - 12 kali,5,5,5,5,5,4,5,5,4,4,5,5,4,5,5,2,2,5,2,4,4
4/6/2023 13:36:04,Delvin,Tanjayadelvin@gmail.com,082233551162,Laki-laki,6 - 12 bulan,Kurang dari 3 kali,3,2,3,4,5,4,4,3,4,4,4,3,4,4,4,4,4,4,2,4,4
4/6/2023 13:44:09,Albert,Zoomnyaalbert@gmail.com,08993773267,Laki-laki,Lebih dari 24 bulan,Kurang dari 3 kali,3,4,3,3,3,3,4,4,4,4,4,4,4,3,4,3,4,4,2,3,4
4/6/2023 13:56:09,Melvern ,tedjamelvern@gmail.com,082234251805,Laki-laki,Kurang dari 6 bulan,Kurang dari 3 kali,3,3,3,4,4,4,4,3,3,3,3,3,4,4,3,3,3,3,2,3,3
4/6/2023 14:18:17,Robert,robertpranata2rp@gmail.com,085855206256,Laki-laki,12 - 24 bulan,3 - 6 kali,4,3,3,4,4,3,4,4,4,4,4,3,3,4,4,3,3,4,2,4,4
4/6/2023 14:45:02,Sherly Lavenia ,Sherlylavenia@gmail.com,087830151025,Perempuan,Lebih dari 24 bulan,Kurang dari 3 kali,4,4,5,4,3,3,3,5,3,4,4,4,4,4,4,4,4,4,2,3,3
4/6/2023 14:57:12,Zefanya,zoktaviana@student.ciputra.ac.id,082359113646,Perempuan,Lebih dari 24 bulan,Kurang dari 3 kali,4,3,4,4,3,4,5,5,4,5,5,5,5,5,5,4,4,4,2,4,5
4/6/2023 15:11:28,Yuning siauwinona,Yuning31099@gmail.com,081235402539,Perempuan,Kurang dari 6 bulan,Kurang dari 3 kali,3,3,4,4,4,3,3,3,4,3,3,3,3,3,3,3,3,3,2,3,4
4/6/2023 15:32:39,Maria Ollivia,mriaollivia@gmail.com,081233466477,Perempuan,6 - 12 bulan,Kurang dari 3 kali,5,4,4,5,5,4,4,4,5,5,5,5,4,4,4,5,4,5,2,4,4
4/6/2023 15:53:38,Natasya,Namanda01@student.ciputra.ac.id,0818376769,Perempuan,6 - 12 bulan,Kurang dari 3 kali,4,3,4,4,4,4,4,4,3,4,4,4,4,4,4,4,4,4,2,4,4
4/6/2023 15:57:24,Evalda,Echristina01@student.ciputra.ac.id,081232423824,Perempuan,6 - 12 bulan,Kurang dari 3 kali,4,4,5,4,4,5,5,4,4,4,4,4,5,4,3,4,4,4,2,5,4
4/6/2023 16:08:16,olivia ,regina.olivia88@gmail.com,08819803328,Perempuan,Lebih dari 24 bulan,Kurang dari 3 kali,4,4,3,3,2,3,3,3,3,3,3,4,3,4,3,3,3,3,2,4,4
4/6/2023 17:28:59,Evelin,evelin.candratio@gmail.com,6282135076888,Perempuan,12 - 24 bulan,Kurang dari 3 kali,2,4,2,4,4,3,3,3,3,3,3,3,3,3,3,3,3,3,2,3,3
4/6/2023 17:32:24,Berliana Fira Zafitri,Berlianafira@gmail.com,081337505313,Perempuan,12 - 24 bulan,Kurang dari 3 kali,4,5,4,4,4,4,4,4,5,4,4,4,3,5,4,5,4,4,2,4,3
4/6/2023 18:28:09,Michael Jonathan,michaeljonathanmj@yahoo.com,082234212999,Laki-laki,Lebih dari 24 bulan,Kurang dari 3 kali,4,3,4,3,4,2,4,4,4,4,4,5,4,5,4,4,3,4,2,3,5
4/6/2023 18:36:46,Kevin,kevin58livia@gmail.com,089536470547,Laki-laki,6 - 12 bulan,Kurang dari 3 kali,5,5,5,4,5,4,4,5,5,4,4,5,5,5,5,5,5,4,2,4,5
4/6/2023 20:33:15,stephanie,xstephanierenatax@gmail.com,082230452590,Perempuan,Kurang dari 6 bulan,7 - 12 kali,4,4,4,4,4,3,4,4,4,4,5,4,4,5,5,4,4,5,2,3,5
4/6/2023 20:33:59,shalomeira vw,svalencia01@student.ciputra.ac.id,081227822797,Perempuan,Kurang dari 6 bulan,Kurang dari 3 kali,3,2,2,4,4,4,5,4,4,4,4,4,3,4,4,3,3,4,2,3,5
4/6/2023 21:33:44,Salma,salmahaudiaa@gmail.com,081232420061,Perempuan,12 - 24 bulan,3 - 6 kali,5,5,5,4,3,4,4,5,4,5,4,5,5,5,5,4,4,4,2,4,5
4/7/2023 6:32:36,Denise,Denise.gunardi@gmail.com,087851272929,Perempuan,Lebih dari 24 bulan,3 - 6 kali,5,5,4,5,5,5,5,5,4,5,5,5,5,5,5,3,4,4,2,4,5
4/7/2023 10:35:33,Jessica,jessicaadebra@gmail.com,089682574404,Perempuan,Kurang dari 6 bulan,Kurang dari 3 kali,3,2,2,3,3,3,3,3,4,4,4,4,3,3,3,3,3,3,2,3,4
4/7/2023 21:07:01,Vanny Jessica,jessicavanny6@gmail.com,082217229971,Perempuan,Lebih dari 24 bulan,Lebih dari 13 kali,5,4,4,4,4,4,4,4,4,4,4,4,4,4,4,3,4,4,2,4,4
4/7/2023 21:10:58,Inez,Enugroho@student.ciputra.ac.id,082135566530,Perempuan,12 - 24 bulan,Kurang dari 3 kali,4,4,3,4,5,4,4,4,5,4,4,4,4,5,4,3,4,4,2,4,5
4/7/2023 22:34:28,Ginevra,ginevrasubiantoro@gmail.com,08,Perempuan,Lebih dari 24 bulan,Kurang dari 3 kali,4,2,4,5,4,4,4,4,5,5,5,4,4,5,5,3,4,4,2,4,4
4/8/2023 10:55:57,Fabian,fabian.brahma.s@gmail.com,085231291000,Laki-laki,Lebih dari 24 bulan,Kurang dari 3 kali,4,3,3,3,3,4,4,3,4,4,4,4,4,5,4,3,3,4,2,4,4
4/8/2023 22:06:40,Angel Graciella,angeline.graciella@gmail.com,081216042833,Perempuan,6 - 12 bulan,Kurang dari 3 kali,3,4,3,5,5,3,3,3,4,4,4,3,4,5,5,3,3,4,2,5,5
4/9/2023 12:59:35,Christian,Quivers031@gmail.com,082331440234,Laki-laki,6 - 12 bulan,Kurang dari 3 kali,3,5,2,2,5,2,3,3,3,4,3,5,3,5,4,3,3,3,2,4,4
4/3/2023 14:21:18,Rinabi,r.tanamal@ciputra.ac.id,0818968833,Laki-laki,Lebih dari 24 bulan,,5,5,5,4,5,3,4,5,5,4,4,4,4,5,5,5,5,5,1,5,5
4/4/2023 10:37:11,Eillen,emarchellita@student.ciputra.ac.id,081232221318,Perempuan,6 - 12 bulan,Kurang dari 3 kali,5,4,4,5,4,5,5,4,5,4,5,4,5,5,5,4,4,5,1,4,4
4/4/2023 10:37:59,Kristian Lie,kristianlie01@student.ciputra.ac.id,081999765374,Laki-laki,6 - 12 bulan,7 - 12 kali,4,5,5,4,4,5,5,4,4,5,5,5,5,4,4,5,4,5,1,4,5
4/4/2023 10:52:24,Hanjaya,hwijangga@student.ciputra.ac.id,081391456376,Laki-laki,Lebih dari 24 bulan,3 - 6 kali,4,4,5,5,4,5,4,4,5,5,5,4,5,5,4,4,4,4,1,5,5
4/4/2023 10:54:47,Helena Uchiha,Helenmeidyana@gmail.com,082147011995,Perempuan,Lebih dari 24 bulan,3 - 6 kali,5,5,5,5,5,5,5,5,5,5,5,5,5,5,5,5,5,5,1,5,5
4/5/2023 17:04:41,Micheila Jiemesha,micheila.jiemesha@gmail.com,082271486565,Perempuan,Kurang dari 6 bulan,3 - 6 kali,4,5,3,5,4,4,5,4,5,5,4,4,4,4,4,4,4,4,1,4,5
4/6/2023 12:22:20,Evelyn,Evelyn.mulyono16@gmail.com,085784808771,Perempuan,Kurang dari 6 bulan,Kurang dari 3 kali,4,3,3,5,5,4,4,4,4,4,5,4,4,5,4,3,3,3,1,4,4
4/6/2023 12:25:31,Christopher Tekvi,christophertekvi@gmail.com,085843972768,Laki-laki,Kurang dari 6 bulan,Kurang dari 3 kali,4,4,5,5,5,5,4,5,5,5,5,4,4,5,5,5,4,5,1,4,5
4/6/2023 12:40:41,Joseph,Jwilliam@studen.ciputra.ac.id,087817207868,Laki-laki,Kurang dari 6 bulan,Kurang dari 3 kali,5,5,5,5,5,5,5,5,5,5,5,5,5,5,5,5,5,5,1,5,5
4/6/2023 12:42:47,Jonathan Kevin,kevinmarsiano@gmail.com,081252353762,Laki-laki,Lebih dari 24 bulan,Kurang dari 3 kali,4,5,5,4,4,4,3,5,5,5,5,5,4,5,4,3,4,4,1,4,5
4/6/2023 13:05:18,Jejee,joselinmisaela6@gmail.com,082266695399,Perempuan,Lebih dari 24 bulan,Lebih dari 13 kali,4,4,4,4,4,4,4,4,4,4,4,4,4,4,4,4,4,4,1,4,5
4/6/2023 13:14:53,Jonathan Isaac Tanojo,jisaactanojo@student.ciputra.ac.id,08113180805,Laki-laki,Lebih dari 24 bulan,3 - 6 kali,5,5,4,4,4,3,5,4,4,4,4,5,5,4,5,3,3,5,1,4,4
4/6/2023 13:20:53,Johan Tito,mjohantito@student.ciputra.ac.id,087871033949,Laki-laki,Lebih dari 24 bulan,Kurang dari 3 kali,5,5,5,3,4,3,4,5,5,4,4,5,5,5,3,3,3,4,1,3,4
4/6/2023 13:25:17,ferry,ferrygiauw11@gmail.com,081331164820,Laki-laki,Lebih dari 24 bulan,3 - 6 kali,3,3,3,3,3,3,3,3,3,4,3,4,4,5,4,3,3,3,1,3,4
4/6/2023 13:32:41,Hans Christian,hansct00@gmail.com,081217515757,Laki-laki,Kurang dari 6 bulan,Kurang dari 3 kali,5,5,5,5,5,5,5,5,4,5,5,2,4,4,5,4,4,4,1,4,5
4/6/2023 13:37:28,Liko,Okaalikoo@gmail.com,087800672958,Laki-laki,Lebih dari 24 bulan,Kurang dari 3 kali,5,5,5,5,5,4,5,5,5,5,5,5,4,5,5,3,5,5,1,5,5
4/6/2023 14:03:17,Nathalia ,Nathalia@gmail.com,081258007125,Perempuan,Lebih dari 24 bulan,Lebih dari 13 kali,5,5,5,4,5,4,4,4,4,4,4,4,4,4,4,3,3,4,1,4,2
4/6/2023 14:07:26,Pravangasta,Avablqs@gmail.com,081216810126,Perempuan,12 - 24 bulan,7 - 12 kali,4,5,4,4,4,4,5,4,4,4,4,3,4,4,4,3,4,4,1,4,4
4/6/2023 14:23:42,Nicholas Andry,Nicholasandry26@gmail.com,082113130029,Laki-laki,Lebih dari 24 bulan,Kurang dari 3 kali,3,3,3,4,3,5,5,4,5,5,5,3,5,5,5,5,5,5,1,3,3
4/6/2023 14:35:49,Alvin,alvin.herbert.christy@gmail.com,08115588893,Laki-laki,Lebih dari 24 bulan,3 - 6 kali,5,4,4,5,5,5,5,5,5,5,5,5,5,5,5,5,5,5,1,1,2
4/6/2023 15:07:15,charissa ,charissabellee@gmail.com,081342640002,Perempuan,Lebih dari 24 bulan,3 - 6 kali,4,3,4,4,5,5,5,5,5,5,5,4,5,5,5,5,5,5,1,4,5
4/6/2023 15:22:53,Priscilla Vanny Amelia ,priscilla.vanny@gmail.com,089680441939,Perempuan,12 - 24 bulan,Kurang dari 3 kali,4,4,2,5,5,4,5,4,5,4,5,4,4,5,4,4,4,5,1,4,4
4/6/2023 16:06:10,Michele Chandra,mchandra04@student.ciputra.ac.id,085231778959,Perempuan,Lebih dari 24 bulan,Kurang dari 3 kali,5,4,3,5,5,5,5,5,5,5,5,5,5,5,5,5,5,5,1,5,5
4/6/2023 16:52:06,Franciscus Valentinus Ongkosianbhadra,fvalentinus@student.ciputra.ac.id,085158233361,Laki-laki,Lebih dari 24 bulan,Kurang dari 3 kali,5,5,5,5,5,5,5,5,5,5,5,5,5,5,5,5,5,5,1,5,5
4/6/2023 17:12:19,rafinzha ,rsulthan01@student.ciputra.ac.id,081703331415,Laki-laki,Lebih dari 24 bulan,7 - 12 kali,3,4,3,5,4,4,5,3,4,4,5,4,4,4,4,4,3,4,1,2,2
4/6/2023 18:53:51,Nathania,nathaniaberyl26@gmail.com,089699111370,Perempuan,Lebih dari 24 bulan,7 - 12 kali,4,5,5,4,5,5,5,5,4,5,5,5,4,4,4,4,5,5,1,3,3
4/7/2023 1:45:04,flo,florenciairena26@gmail.com,082353199060,Perempuan,Lebih dari 24 bulan,3 - 6 kali,5,5,5,5,5,5,5,5,5,5,5,5,5,5,5,5,5,5,1,5,5
4/7/2023 12:29:10,Steven Lee,stevenlee3107@gmail.com,081350391729,Laki-laki,12 - 24 bulan,Kurang dari 3 kali,4,5,4,5,4,4,4,2,4,4,4,5,5,5,5,4,4,4,1,1,1
4/10/2023 17:14:21,Steven,Steventan991015@gmail.com,082217285179,Laki-laki,Lebih dari 24 bulan,Kurang dari 3 kali,5,5,5,5,5,5,5,5,5,5,5,5,5,5,5,5,4,5,1,3,3